id;name;rank;eng_name;code
1;cautiously repentant if;3236;deserted bow major;retch pudding
2;wherever and geez;21976;successfully elaborate;after
3;anime;10637;ah inside;gosh incidentally animate
4;spending lively;8003;accidentally sun;damaged
5;unto opposite gosh;21010;pfft whoa;superficial
6;lunge contextualise atop;19094;a;storm suspiciously
7;print content oboe;30365;spec;shackle peter under
8;healthy;27239;easy-going;actually than
9;treaty beanie veer;22978;mmm;gadzooks
10;impure consequently;13636;indeed;grizzle
